{
  "version": 2,
  "buildCommand": "npm run build",
  "installCommand": "npm install",
  "framework": "nextjs",
  "regions": ["lhr1"],
  "headers": [
    {
      "source": "/(.*)",
      "headers": [
        {
          "key": "X-Content-Type-Options",
          "value": "nosniff"
        },
        {
          "key": "X-Frame-Options",
          "value": "DENY"
        },
        {
          "key": "X-XSS-Protection",
          "value": "1; mode=block"
        },
        {
          "key": "Referrer-Policy",
          "value": "strict-origin-when-cross-origin"
        },
        {
          "key": "Permissions-Policy",
          "value": "camera=(), microphone=(), geolocation=()"
        }
      ]
    },
    {
      "source": "/fonts/(.*)",
      "headers": [
        {
          "key": "Cache-Control",
          "value": "public, max-age=31536000, immutable"
        }
      ]
    },
    {
      "source": "/images/(.*)",
      "headers": [
        {
          "key": "Cache-Control",
          "value": "public, max-age=86400"
        }
      ]
    }
  ]
}
